lon,lat,dominant,total,n_red_kangaroo,n_eastern_grey_kangaroo,n_koala,n_emu,n_platypus
142.25,-34.75,emu,3817,345,14,1,3455,2
141.75,-34.25,emu,345,77,14,0,253,1
141.25,-34.25,emu,689,147,8,0,532,2
141.25,-35.25,emu,133,1,0,0,132,0
142.25,-35.25,emu,275,2,0,0,273,0
143.75,-35.75,emu,76,2,17,3,50,4
142.25,-34.25,red_kangaroo,813,578,74,10,145,6
141.75,-35.25,emu,471,17,1,0,453,0
141.75,-34.75,emu,253,11,7,0,235,0
142.75,-34.75,emu,294,9,25,0,258,2
141.25,-34.75,emu,186,3,0,0,183,0
142.75,-34.25,red_kangaroo,7209,5928,41,0,1240,0
143.25,-34.75,emu,199,8,25,0,161,5
140.75,-34.25,emu,483,87,18,42,334,2
142.25,-35.75,emu,787,6,5,0,776,0
143.25,-35.25,eastern_grey_kangaroo,34,1,15,1,14,3
131.25,-21.75,red_kangaroo,52,52,0,0,0,0
131.25,-22.25,red_kangaroo,56,53,0,0,3,0
131.75,-22.25,red_kangaroo,35,33,0,0,2,0
132.75,-23.25,red_kangaroo,81,66,0,0,15,0
138.75,-23.25,red_kangaroo,29,23,0,0,6,0
144.75,-24.75,red_kangaroo,260,154,47,7,52,0
141.25,-24.25,emu,19,5,0,0,14,0
145.75,-20.25,emu,23,1,9,0,13,0
143.25,-24.25,emu,75,6,11,2,56,0
140.75,-23.75,emu,56,15,0,0,41,0
144.25,-28.75,emu,449,133,33,0,283,0
141.75,-27.25,red_kangaroo,12,7,0,0,5,0
145.25,-24.75,red_kangaroo,63,27,25,5,6,0
143.25,-22.75,emu,269,59,5,0,205,0
144.75,-26.75,emu,25,6,4,0,15,0
141.75,-21.25,emu,17,2,1,0,14,0
140.75,-24.25,emu,66,4,0,0,62,0
143.25,-25.25,emu,335,28,5,0,302,0
146.75,-26.75,eastern_grey_kangaroo,24,6,12,0,6,0
145.75,-26.75,emu,18,1,7,0,10,0
141.25,-23.75,emu,190,80,2,0,108,0
145.25,-27.75,emu,51,21,3,0,27,0
145.25,-25.25,red_kangaroo,55,20,17,8,10,0
140.25,-20.25,red_kangaroo,10,5,0,0,5,0
141.25,-28.75,emu,27,6,0,0,21,0
147.75,-25.25,koala,37,1,6,17,12,1
145.25,-26.25,emu,26,3,1,3,19,0
141.75,-20.75,emu,43,12,7,0,24,0
138.75,-18.75,emu,44,11,1,0,32,0
139.75,-22.75,emu,75,12,0,0,63,0
147.75,-26.25,emu,108,6,15,13,74,0
144.25,-26.75,emu,183,3,2,0,178,0
144.25,-20.25,emu,30,4,8,1,17,0
146.75,-24.75,emu,14,1,1,3,9,0
142.75,-18.25,emu,12,3,1,0,8,0
143.75,-21.25,emu,46,5,0,0,41,0
142.75,-22.75,emu,169,18,2,0,149,0
141.25,-25.75,emu,19,2,0,0,17,0
140.75,-23.25,emu,13,3,0,0,10,0
147.25,-26.75,eastern_grey_kangaroo,25,2,11,5,7,0
146.75,-21.75,eastern_grey_kangaroo,63,11,24,12,16,0
145.75,-19.25,emu,43,1,10,1,29,2
145.25,-22.25,emu,45,7,7,6,25,0
141.25,-20.25,emu,19,5,1,0,13,0
148.75,-27.75,emu,78,4,23,2,49,0
139.25,-20.75,emu,12,3,0,0,9,0
142.25,-22.25,emu,24,3,0,0,21,0
146.75,-20.75,emu,32,2,10,0,20,0
141.75,-25.25,emu,28,3,1,0,24,0
140.25,-19.75,red_kangaroo,16,9,0,0,7,0
145.75,-28.25,emu,1064,252,46,1,765,0
144.75,-28.75,emu,117,6,1,0,110,0
144.25,-18.25,emu,79,1,3,4,71,0
148.25,-21.75,koala,56,1,13,21,21,0
144.25,-28.25,emu,296,19,4,0,273,0
145.25,-26.75,emu,31,3,4,1,23,0
149.75,-28.25,eastern_grey_kangaroo,176,2,132,4,38,0
145.75,-20.75,eastern_grey_kangaroo,27,9,10,5,3,0
145.75,-28.75,emu,118,4,2,0,112,0
146.75,-22.25,eastern_grey_kangaroo,47,4,29,4,10,0
147.25,-22.25,emu,36,2,1,1,32,0
144.75,-23.75,emu,63,2,4,3,54,0
140.25,-19.25,emu,29,5,0,0,24,0
138.25,-25.25,red_kangaroo,10,5,0,0,5,0
143.25,-20.75,emu,36,12,3,0,21,0
144.25,-23.75,emu,24,1,1,2,20,0
141.25,-20.75,emu,11,4,0,0,7,0
146.25,-20.25,emu,17,1,4,2,9,1
145.75,-26.25,emu,17,2,1,2,12,0
142.25,-25.25,emu,32,1,0,0,31,0
147.75,-23.25,emu,56,1,8,13,34,0
147.75,-22.25,koala,34,1,4,24,5,0
145.75,-27.75,emu,5239,326,46,0,4867,0
147.75,-27.75,emu,105,4,4,3,94,0
144.25,-23.25,emu,327,4,19,1,303,0
144.75,-20.25,emu,10,3,0,1,6,0
144.25,-19.75,eastern_grey_kangaroo,96,2,67,3,24,0
146.25,-21.25,emu,10,2,1,0,7,0
143.25,-21.75,emu,19,3,0,0,16,0
148.25,-26.75,emu,55,1,10,3,41,0
146.25,-26.25,emu,96,2,15,6,73,0
141.25,-23.25,emu,15,7,0,0,8,0
150.25,-26.75,emu,163,1,37,15,109,1
143.25,-22.25,emu,195,11,3,0,181,0
148.75,-27.25,emu,20,2,6,2,10,0
144.25,-25.75,emu,13,4,2,1,6,0
146.25,-23.25,emu,50,7,13,2,28,0
147.25,-26.25,emu,126,8,8,7,103,0
144.25,-19.25,eastern_grey_kangaroo,97,4,56,1,36,0
140.25,-27.25,emu,56,17,0,0,39,0
142.25,-20.75,emu,12,1,1,0,10,0
145.25,-24.25,emu,69,5,4,10,50,0
143.75,-26.75,emu,67,2,1,0,64,0
146.25,-23.75,emu,22,2,7,4,9,0
149.75,-27.75,emu,78,1,18,20,39,0
145.75,-22.25,emu,24,1,1,1,21,0
149.75,-26.75,eastern_grey_kangaroo,58,1,33,13,11,0
139.75,-20.75,emu,29,4,0,0,25,0
140.75,-25.75,emu,24,2,0,0,22,0
146.75,-28.25,emu,22,1,1,1,19,0
147.25,-23.25,koala,19,2,4,12,1,0
148.25,-27.75,emu,71,1,5,2,63,0
147.25,-27.75,emu,90,4,32,9,45,0
139.25,-24.25,emu,19,1,0,0,18,0
140.75,-20.75,emu,26,4,0,0,22,0
144.25,-20.75,emu,47,6,6,1,34,0
142.25,-21.75,emu,19,3,0,0,16,0
147.75,-21.25,eastern_grey_kangaroo,21,1,12,0,8,0
150.75,-28.25,emu,81,1,21,1,58,0
142.75,-27.75,emu,17,6,1,0,10,0
143.25,-18.75,emu,32,1,1,3,27,0
147.25,-28.25,emu,76,1,2,11,62,0
144.25,-21.25,emu,26,1,0,2,23,0
144.75,-18.25,emu,231,1,105,7,118,0
147.25,-22.75,eastern_grey_kangaroo,14,2,4,4,4,0
144.75,-27.75,emu,65,1,0,0,64,0
147.25,-28.75,emu,37,1,1,0,35,0
146.25,-22.75,koala,24,3,7,10,4,0
145.25,-20.25,eastern_grey_kangaroo,20,1,11,0,8,0
146.25,-27.75,emu,80,2,1,0,77,0
144.75,-25.75,emu,16,2,0,2,12,0
147.75,-27.25,eastern_grey_kangaroo,21,1,17,2,1,0
148.75,-28.75,emu,79,1,5,2,71,0
143.25,-26.75,emu,45,3,0,0,42,0
145.75,-23.75,emu,24,1,1,8,14,0
140.25,-24.25,emu,33,6,0,0,27,0
141.25,-22.75,emu,11,1,0,0,10,0
138.75,-19.75,emu,16,3,0,0,13,0
143.75,-18.25,emu,36,3,1,2,30,0
149.25,-27.25,emu,85,1,22,3,59,0
144.25,-24.75,emu,28,2,2,0,24,0
138.25,-23.75,emu,23,4,0,0,19,0
138.25,-23.25,emu,17,5,0,0,12,0
142.75,-25.25,emu,44,3,2,0,39,0
146.25,-25.75,emu,12,1,2,0,9,0
146.25,-24.75,emu,99,1,6,6,86,0
139.75,-34.25,emu,389,82,7,0,300,0
138.75,-31.25,red_kangaroo,8840,5015,1,0,3824,0
113.75,-22.75,emu,21,2,0,0,19,0
137.75,-29.25,emu,63,28,0,0,35,0
139.25,-30.75,red_kangaroo,2957,2028,0,0,929,0
142.25,-29.25,emu,657,71,3,0,583,0
143.25,-33.75,emu,626,37,0,0,589,0
141.75,-23.25,emu,40,1,0,0,39,0
137.75,-32.25,red_kangaroo,812,440,1,0,371,0
145.75,-30.75,emu,598,33,12,0,553,0
137.75,-32.75,emu,534,178,0,0,356,0
140.25,-34.25,emu,220,47,11,0,161,1
136.75,-30.25,red_kangaroo,343,267,0,0,76,0
142.25,-23.25,emu,60,3,0,0,57,0
141.25,-29.25,emu,301,50,2,0,249,0
141.75,-29.75,emu,88,10,0,0,78,0
136.25,-32.25,emu,678,274,0,0,404,0
114.25,-21.75,emu,404,17,0,0,387,0
139.25,-25.75,emu,78,2,0,0,76,0
138.75,-31.75,emu,1086,304,3,0,779,0
137.25,-30.25,red_kangaroo,296,232,0,0,64,0
138.25,-31.25,red_kangaroo,696,426,0,0,270,0
144.75,-32.75,emu,74,12,3,0,59,0
138.75,-23.75,emu,13,2,0,0,11,0
137.25,-29.75,red_kangaroo,44,27,0,0,17,0
133.25,-25.25,emu,46,14,0,0,32,0
139.25,-34.25,emu,423,89,1,1,332,0
113.75,-23.75,emu,14,2,0,0,12,0
142.75,-29.25,emu,55,6,0,0,49,0
146.25,-19.25,eastern_grey_kangaroo,111,1,55,7,46,2
150.75,-29.25,eastern_grey_kangaroo,1207,2,871,180,142,12
143.75,-28.75,emu,90,4,0,0,86,0
138.25,-30.25,red_kangaroo,946,560,0,0,386,0
148.75,-32.25,eastern_grey_kangaroo,778,16,505,16,215,26
139.25,-30.25,red_kangaroo,2334,1416,0,0,918,0
143.75,-27.75,emu,75,2,5,0,68,0
126.25,-32.25,emu,645,2,0,0,643,0
144.75,-35.25,emu,897,23,29,0,842,3
141.75,-29.25,emu,575,32,2,0,541,0
134.75,-29.25,red_kangaroo,366,284,0,0,82,0
140.75,-31.75,red_kangaroo,2229,1211,1,0,1017,0
146.25,-33.75,emu,143,2,19,1,121,0
142.25,-31.25,emu,337,63,6,0,268,0
133.75,-23.75,red_kangaroo,151,77,0,0,74,0
141.75,-32.25,emu,151,36,0,0,115,0
114.25,-26.25,emu,203,3,0,0,200,0
139.25,-33.75,red_kangaroo,794,453,0,0,341,0
139.75,-26.75,emu,36,2,0,0,34,0
140.75,-33.75,red_kangaroo,807,451,2,0,353,1
118.25,-27.25,emu,19,3,0,0,16,0
143.25,-34.25,emu,103,18,7,0,78,0
143.75,-34.25,emu,80,2,7,0,71,0
143.25,-31.25,emu,57,3,0,2,52,0
139.25,-34.75,emu,132,37,8,13,74,0
135.75,-27.75,emu,17,7,0,0,10,0
143.25,-30.75,emu,184,5,0,0,179,0
142.25,-32.25,emu,902,98,7,0,797,0
142.75,-33.75,emu,84,16,1,0,67,0
145.75,-29.25,emu,138,2,10,0,126,0
145.75,-33.25,emu,208,13,12,0,181,2
137.75,-29.75,red_kangaroo,454,348,0,0,106,0
134.75,-28.75,red_kangaroo,168,95,0,0,73,0
144.75,-31.75,emu,58,3,1,0,54,0
141.75,-31.25,emu,364,57,2,0,305,0
147.25,-29.25,emu,182,27,32,4,119,0
147.75,-29.75,emu,118,12,15,3,88,0
139.75,-30.25,red_kangaroo,883,653,0,0,230,0
139.75,-34.75,emu,129,32,3,0,94,0
146.25,-30.25,emu,147,3,10,0,134,0
145.75,-35.25,emu,415,10,22,0,383,0
145.75,-32.75,emu,877,23,241,0,613,0
139.25,-35.25,emu,286,27,7,4,245,3
136.75,-32.75,red_kangaroo,233,148,0,0,85,0
135.25,-32.75,emu,557,124,0,0,433,0
141.75,-31.75,emu,286,26,3,0,257,0
140.25,-31.75,red_kangaroo,8014,5459,1,0,2554,0
144.75,-22.75,emu,24,3,4,0,17,0
135.75,-30.25,red_kangaroo,534,475,0,0,59,0
118.75,-26.25,emu,12,1,0,0,11,0
140.25,-23.75,emu,15,2,0,0,13,0
142.25,-30.75,emu,92,22,1,0,69,0
145.75,-30.25,emu,577,32,28,2,515,0
139.75,-24.25,emu,15,1,0,0,14,0
121.25,-30.75,emu,65,3,0,0,62,0
134.25,-27.25,red_kangaroo,270,262,0,0,8,0
143.75,-24.25,emu,10,2,0,1,7,0
145.25,-33.75,emu,50,12,3,0,35,0
113.75,-22.25,emu,130,9,0,0,121,0
145.25,-31.25,emu,125,7,13,0,105,0
139.75,-23.25,emu,42,5,0,0,37,0
143.25,-26.25,emu,48,1,0,0,47,0
135.75,-32.75,emu,2990,808,0,0,2182,0
119.25,-30.75,emu,20,2,0,0,18,0
145.75,-31.25,emu,194,14,4,0,176,0
138.25,-29.25,emu,115,41,0,0,74,0
115.75,-26.75,emu,56,3,0,0,53,0
131.75,-24.25,red_kangaroo,185,137,0,0,48,0
141.25,-32.25,emu,162,34,0,0,128,0
134.25,-28.75,red_kangaroo,220,198,0,0,22,0
136.75,-29.25,emu,40,5,0,0,35,0
144.25,-30.25,emu,45,9,6,0,30,0
143.75,-25.25,emu,21,1,4,0,16,0
118.75,-22.75,emu,10,1,0,0,9,0
138.25,-33.25,red_kangaroo,18,8,2,1,7,0
141.25,-33.25,emu,286,43,2,0,241,0
138.75,-30.25,red_kangaroo,674,411,0,0,263,0
143.25,-18.25,emu,116,10,5,0,101,0
142.25,-32.75,emu,193,25,2,0,166,0
146.75,-25.25,emu,28,1,1,6,20,0
117.25,-29.25,emu,42,1,0,0,41,0
141.25,-29.75,emu,24,5,0,0,19,0
145.25,-21.25,emu,23,1,0,2,20,0
142.25,-31.75,emu,89,6,0,0,83,0
117.75,-27.25,emu,113,6,0,0,107,0
135.25,-29.75,red_kangaroo,474,394,0,0,80,0
140.75,-27.75,emu,82,31,0,0,51,0
132.75,-25.25,red_kangaroo,26,19,0,0,7,0
137.25,-31.75,red_kangaroo,602,476,0,0,126,0
139.25,-32.75,red_kangaroo,717,545,0,0,172,0
143.75,-31.25,red_kangaroo,472,395,9,0,68,0
149.75,-30.25,eastern_grey_kangaroo,651,2,423,57,168,1
146.75,-30.25,emu,96,2,0,3,91,0
125.75,-32.25,emu,19,1,0,0,18,0
140.75,-33.25,red_kangaroo,407,211,0,0,196,0
146.75,-28.75,emu,29,3,0,0,26,0
136.25,-33.25,emu,52,4,0,0,48,0
144.25,-31.75,emu,193,79,1,0,113,0
149.25,-26.75,eastern_grey_kangaroo,21,2,9,5,5,0
140.25,-33.75,emu,825,105,1,0,719,0
138.75,-30.75,emu,295,129,0,0,166,0
137.25,-30.75,red_kangaroo,489,417,0,0,72,0
114.75,-26.75,emu,27,1,0,0,26,0
145.25,-22.75,emu,79,2,0,2,75,0
145.25,-29.25,emu,157,55,1,0,101,0
120.25,-27.25,emu,10,1,0,0,9,0
135.75,-32.25,red_kangaroo,1723,1107,0,0,616,0
135.25,-30.75,red_kangaroo,569,509,0,1,59,0
148.25,-25.75,emu,21,1,6,3,11,0
117.75,-28.25,emu,45,2,0,0,43,0
144.75,-21.25,emu,37,1,2,11,23,0
133.25,-22.75,red_kangaroo,45,42,0,0,3,0
135.75,-28.25,emu,12,2,0,0,10,0
144.75,-20.75,koala,34,7,7,10,10,0
136.25,-32.75,red_kangaroo,904,471,0,0,433,0
146.25,-19.75,emu,35,1,10,3,20,1
143.25,-33.25,emu,63,5,0,0,58,0
147.75,-30.25,emu,117,8,14,1,93,1
145.75,-31.75,emu,131,5,5,0,121,0
136.75,-30.75,red_kangaroo,659,558,0,0,101,0
116.75,-28.75,emu,12,1,0,0,11,0
141.25,-31.75,emu,517,101,24,0,392,0
136.75,-31.25,red_kangaroo,416,257,0,0,159,0
142.25,-29.75,emu,69,5,0,0,64,0
141.75,-22.75,emu,27,1,0,0,26,0
118.75,-30.75,emu,59,2,0,0,57,0
144.25,-34.25,emu,197,44,39,0,113,1
145.25,-28.25,emu,291,3,1,0,287,0
130.75,-25.25,red_kangaroo,34,27,0,0,7,0
144.75,-33.75,emu,168,4,42,0,122,0
140.25,-32.25,emu,5765,2697,1,0,3067,0
142.75,-35.25,emu,43,2,0,0,41,0
142.25,-22.75,emu,16,2,0,0,14,0
145.25,-32.75,emu,552,10,9,0,533,0
145.25,-34.75,emu,219,18,8,0,193,0
148.25,-22.25,koala,64,2,4,31,27,0
145.25,-30.25,emu,227,36,27,0,164,0
138.25,-32.25,red_kangaroo,726,399,3,0,324,0
145.25,-34.25,emu,345,46,67,0,231,1
139.25,-32.25,red_kangaroo,529,423,0,0,106,0
140.75,-29.25,emu,17,3,0,0,14,0
114.25,-25.75,emu,58,2,0,0,56,0
135.25,-31.25,red_kangaroo,304,251,0,0,53,0
140.25,-22.75,emu,31,2,0,0,29,0
117.25,-29.75,emu,839,194,0,0,645,0
145.75,-24.75,emu,29,1,0,6,22,0
143.75,-34.75,emu,444,25,33,0,386,0
144.25,-29.75,emu,180,33,7,0,140,0
135.25,-30.25,red_kangaroo,620,558,0,0,62,0
150.25,-28.25,emu,48,1,3,0,44,0
143.75,-30.75,emu,125,10,3,0,112,0
138.75,-32.75,red_kangaroo,450,346,0,0,104,0
141.25,-25.25,emu,22,1,0,0,21,0
146.75,-19.75,emu,109,1,21,3,84,0
124.25,-28.25,emu,13,1,0,0,12,0
129.25,-31.75,emu,17,2,0,0,15,0
118.75,-22.25,emu,14,1,0,0,13,0
144.25,-34.75,emu,229,6,11,0,212,0
145.75,-32.25,emu,123,6,2,0,115,0
147.25,-21.25,emu,11,2,0,2,7,0
132.75,-25.75,red_kangaroo,36,36,0,0,0,0
146.75,-21.25,emu,11,2,3,1,5,0
148.25,-28.75,emu,34,1,3,2,28,0
140.25,-27.75,red_kangaroo,53,43,0,0,10,0
140.25,-33.25,red_kangaroo,468,325,0,0,143,0
147.75,-32.75,emu,58,1,23,3,31,0
139.25,-26.75,emu,21,1,0,0,20,0
148.75,-28.25,emu,132,1,23,6,101,1
146.75,-35.75,eastern_grey_kangaroo,534,2,506,4,4,18
147.25,-34.25,eastern_grey_kangaroo,61,1,42,0,18,0
133.25,-24.75,emu,17,5,0,0,12,0
139.75,-32.75,red_kangaroo,838,623,1,0,214,0
140.25,-20.75,emu,25,1,0,0,24,0
148.75,-26.75,emu,115,1,20,7,87,0
116.75,-29.75,emu,39,2,0,0,37,0
142.75,-23.25,emu,38,1,0,0,37,0
138.25,-29.75,red_kangaroo,738,533,0,0,205,0
150.25,-27.25,emu,39,1,5,9,24,0
135.25,-32.25,emu,1364,161,0,0,1203,0
149.25,-29.25,emu,656,4,26,19,607,0
137.75,-19.75,red_kangaroo,99,99,0,0,0,0
134.25,-19.75,red_kangaroo,14,7,0,0,7,0
145.75,-19.75,emu,61,1,2,4,54,0
138.25,-22.25,red_kangaroo,20,15,0,0,5,0
141.25,-33.75,emu,179,32,0,0,147,0
143.25,-29.75,emu,59,2,0,0,57,0
115.75,-28.75,emu,19,2,0,0,17,0
117.75,-28.75,emu,46,1,0,0,45,0
152.25,-27.75,koala,2969,1,128,2810,0,30
151.75,-30.25,koala,6257,1,2722,3504,9,21
138.75,-34.75,koala,5020,4,10,4256,749,1
134.25,-21.25,red_kangaroo,14,12,0,0,2,0
152.75,-27.75,koala,6335,1,595,5585,4,150
115.25,-29.75,emu,64,1,0,0,63,0
116.25,-31.75,emu,780,2,0,0,778,0
146.25,-28.25,eastern_grey_kangaroo,184,20,92,0,72,0
148.75,-35.25,emu,1964,1,628,45,878,412
138.25,-31.75,red_kangaroo,832,533,0,0,299,0
138.75,-33.25,red_kangaroo,185,137,0,0,48,0
138.25,-30.75,red_kangaroo,781,487,0,0,294,0
134.25,-22.75,red_kangaroo,14,13,0,0,1,0
131.75,-25.25,red_kangaroo,61,33,0,0,28,0
115.75,-30.75,emu,24,1,0,0,23,0
148.25,-30.75,emu,159,11,22,5,120,1
138.75,-25.75,emu,29,6,0,0,23,0
146.75,-29.25,emu,87,19,4,7,57,0
146.75,-29.75,emu,159,19,10,0,130,0
134.25,-25.75,koala,81,19,5,29,6,22
139.25,-21.75,emu,10,2,0,0,8,0
146.25,-35.25,emu,277,19,29,0,226,3
148.25,-31.25,emu,179,8,22,1,148,0
144.25,-31.25,red_kangaroo,155,75,8,0,72,0
150.25,-33.75,eastern_grey_kangaroo,1943,22,1107,579,24,211
139.25,-21.25,emu,14,2,0,0,12,0
146.25,-34.75,koala,1335,7,190,996,125,17
145.25,-23.75,emu,138,1,6,7,124,0
145.75,-29.75,emu,261,5,9,0,247,0
150.25,-30.75,eastern_grey_kangaroo,2984,4,2430,533,10,7
144.75,-35.75,emu,1012,4,144,125,726,13
117.25,-28.25,emu,22,6,0,0,16,0
142.75,-31.25,red_kangaroo,135,112,0,0,23,0
151.25,-33.75,koala,934,14,383,475,24,38
149.75,-29.75,emu,91,7,20,2,62,0
144.75,-31.25,emu,24,2,0,0,22,0
147.75,-31.75,emu,318,38,82,2,195,1
143.25,-31.75,emu,132,9,2,0,121,0
133.25,-23.75,red_kangaroo,652,640,0,0,12,0
131.25,-23.25,red_kangaroo,30,27,0,0,3,0
132.25,-23.25,red_kangaroo,52,47,0,0,5,0
122.25,-29.75,red_kangaroo,12,9,0,0,3,0
131.25,-23.75,red_kangaroo,28,27,0,0,1,0
114.75,-28.25,red_kangaroo,30,25,0,0,5,0
133.25,-23.25,red_kangaroo,42,38,0,0,4,0
116.25,-33.75,emu,111,38,0,0,73,0
128.75,-31.75,red_kangaroo,103,57,0,0,46,0
145.75,-34.25,emu,366,45,155,0,166,0
142.75,-30.25,emu,44,4,9,0,31,0
144.75,-34.25,emu,173,35,29,0,109,0
133.75,-22.75,red_kangaroo,14,11,0,0,3,0
146.25,-34.25,emu,850,21,344,0,484,1
147.75,-31.25,emu,150,8,15,0,127,0
144.25,-27.75,emu,45,1,0,0,44,0
145.75,-33.75,emu,60,6,16,0,38,0
135.75,-18.25,red_kangaroo,34,32,0,0,2,0
142.25,-33.25,red_kangaroo,587,396,1,0,190,0
131.25,-25.25,emu,39,4,0,0,35,0
115.75,-24.25,red_kangaroo,41,36,0,0,5,0
153.25,-28.75,koala,19185,1,275,18207,9,693
145.25,-37.75,eastern_grey_kangaroo,7579,1,5824,443,209,1102
141.75,-33.75,emu,81,13,5,0,63,0
136.25,-18.75,red_kangaroo,72,70,0,0,2,0
132.25,-24.75,red_kangaroo,44,40,0,0,4,0
136.75,-19.25,red_kangaroo,100,97,0,0,3,0
132.75,-22.75,emu,19,9,0,0,10,0
133.75,-23.25,red_kangaroo,22,22,0,0,0,0
135.25,-22.25,red_kangaroo,30,19,0,0,11,0
133.75,-21.75,red_kangaroo,22,17,0,0,5,0
133.75,-24.25,red_kangaroo,14,11,0,0,3,0
134.75,-23.75,red_kangaroo,12,10,0,0,2,0
139.75,-26.25,red_kangaroo,10,5,0,0,5,0
132.25,-25.75,red_kangaroo,30,28,0,0,2,0
132.75,-23.75,emu,28,12,0,0,16,0
136.75,-22.75,red_kangaroo,66,66,0,0,0,0
133.75,-18.25,emu,16,7,0,0,9,0
138.75,-33.75,emu,110,49,3,3,55,0
139.75,-33.75,red_kangaroo,645,409,1,0,235,0
132.75,-29.25,red_kangaroo,15,13,0,0,2,0
133.25,-30.25,red_kangaroo,202,191,0,0,11,0
134.25,-18.75,red_kangaroo,15,9,0,0,6,0
141.75,-30.25,emu,47,13,0,0,34,0
136.25,-31.25,red_kangaroo,461,372,0,0,89,0
130.25,-29.75,red_kangaroo,16,14,0,0,2,0
135.75,-31.75,red_kangaroo,501,409,0,0,92,0
139.75,-32.25,red_kangaroo,3472,1834,0,0,1638,0
140.25,-32.75,red_kangaroo,833,678,0,0,155,0
135.25,-29.25,red_kangaroo,219,185,0,0,34,0
132.25,-30.75,red_kangaroo,35,35,0,0,0,0
135.75,-30.75,red_kangaroo,581,491,0,0,90,0
140.25,-31.25,red_kangaroo,575,463,4,0,108,0
133.75,-29.25,red_kangaroo,89,86,0,0,3,0
138.75,-32.25,red_kangaroo,534,415,0,0,119,0
134.75,-28.25,red_kangaroo,71,63,0,0,8,0
133.25,-29.25,red_kangaroo,16,13,0,0,3,0
133.75,-29.75,red_kangaroo,627,588,0,0,39,0
134.75,-27.75,red_kangaroo,245,224,0,0,21,0
134.25,-29.25,red_kangaroo,336,317,0,0,19,0
139.75,-31.25,red_kangaroo,595,499,0,0,96,0
118.25,-20.75,red_kangaroo,44,37,0,0,7,0
117.25,-21.75,red_kangaroo,11,6,0,0,5,0
115.75,-27.25,emu,29,3,0,0,26,0
114.25,-24.75,emu,34,1,0,0,33,0
114.75,-27.75,emu,59,1,0,0,58,0
123.25,-31.75,emu,14,2,0,0,12,0
113.75,-24.75,emu,132,2,0,0,130,0
117.25,-28.75,emu,33,2,0,0,31,0
115.75,-28.25,emu,15,5,0,0,10,0
119.75,-23.25,emu,21,1,0,0,20,0
114.25,-22.25,emu,31,1,0,0,30,0
117.25,-26.25,emu,21,1,0,0,20,0
113.75,-25.25,emu,24,2,0,0,22,0
119.25,-27.75,emu,13,1,0,0,12,0
122.75,-30.75,emu,14,1,0,0,13,0
115.75,-27.75,emu,47,1,0,0,46,0
116.75,-30.25,emu,22,1,0,0,21,0
115.75,-31.75,emu,185,2,0,4,179,0
116.75,-29.25,emu,42,1,0,0,41,0
115.25,-28.25,emu,22,2,0,0,20,0
121.25,-28.75,emu,27,1,0,0,26,0
116.75,-26.25,emu,40,1,0,0,39,0
118.25,-30.75,emu,28,2,0,0,26,0
118.25,-22.25,emu,24,1,0,0,23,0
116.25,-21.75,emu,15,2,0,0,13,0
117.75,-26.75,emu,12,1,0,0,11,0
122.75,-31.25,emu,11,2,0,0,9,0
120.25,-26.75,emu,16,4,0,0,12,0
116.75,-28.25,emu,29,1,0,0,28,0
116.25,-28.75,emu,23,1,0,0,22,0
118.75,-25.75,emu,20,1,0,0,19,0
137.25,-19.75,red_kangaroo,126,126,0,0,0,0
136.75,-19.75,red_kangaroo,16,16,0,0,0,0
132.75,-24.25,red_kangaroo,272,248,0,0,24,0
137.25,-19.25,red_kangaroo,145,145,0,0,0,0
134.75,-22.75,red_kangaroo,161,161,0,0,0,0
135.75,-22.75,red_kangaroo,190,162,0,0,28,0
130.25,-22.25,red_kangaroo,18,14,0,0,4,0
135.75,-23.25,red_kangaroo,57,52,0,0,5,0
135.75,-18.75,red_kangaroo,82,81,0,0,1,0
131.25,-22.75,emu,52,23,0,0,29,0
131.75,-25.75,red_kangaroo,25,24,0,0,1,0
137.25,-18.75,red_kangaroo,88,88,0,0,0,0
133.75,-25.75,red_kangaroo,52,52,0,0,0,0
137.75,-21.75,red_kangaroo,95,92,0,0,3,0
136.25,-23.25,red_kangaroo,15,13,0,0,2,0
137.75,-19.25,red_kangaroo,208,207,0,0,1,0
134.25,-23.75,red_kangaroo,27,23,0,0,4,0
135.25,-24.75,emu,17,8,0,0,9,0
137.75,-18.75,red_kangaroo,38,38,0,0,0,0
137.25,-20.25,red_kangaroo,86,81,0,0,5,0
137.25,-22.75,red_kangaroo,46,40,0,0,6,0
135.75,-25.25,red_kangaroo,11,9,0,0,2,0
131.25,-18.75,red_kangaroo,32,16,0,0,16,0
135.75,-24.75,red_kangaroo,36,23,0,0,13,0
131.75,-22.75,red_kangaroo,20,16,0,0,4,0
136.25,-24.25,red_kangaroo,11,6,0,0,5,0
129.25,-21.75,red_kangaroo,13,10,0,0,3,0
137.75,-20.75,red_kangaroo,35,33,0,0,2,0
136.25,-18.25,red_kangaroo,46,46,0,0,0,0
135.25,-22.75,red_kangaroo,204,192,0,0,12,0
134.25,-22.25,red_kangaroo,28,28,0,0,0,0
134.75,-22.25,red_kangaroo,38,38,0,0,0,0
131.25,-19.25,red_kangaroo,14,12,0,0,2,0
136.25,-22.25,red_kangaroo,60,52,0,0,8,0
137.75,-22.25,red_kangaroo,47,46,0,0,1,0
130.25,-19.75,red_kangaroo,10,5,0,0,5,0
133.25,-16.75,red_kangaroo,14,11,0,0,3,0
135.75,-24.25,red_kangaroo,29,23,0,0,6,0
130.75,-25.75,red_kangaroo,14,10,0,0,4,0
131.75,-24.75,red_kangaroo,15,12,0,0,3,0
130.25,-19.25,red_kangaroo,36,25,0,0,11,0
130.75,-23.25,red_kangaroo,20,20,0,0,0,0
137.75,-22.75,red_kangaroo,33,23,0,0,10,0
132.25,-25.25,red_kangaroo,91,71,0,0,20,0
134.75,-17.75,red_kangaroo,16,15,0,0,1,0
135.25,-18.25,red_kangaroo,19,19,0,0,0,0
136.75,-24.25,red_kangaroo,24,22,0,0,2,0
137.75,-21.25,red_kangaroo,32,32,0,0,0,0
137.75,-20.25,red_kangaroo,14,14,0,0,0,0
136.25,-22.75,red_kangaroo,41,31,0,0,10,0
135.75,-19.75,red_kangaroo,16,14,0,0,2,0
135.25,-24.25,red_kangaroo,20,14,0,0,6,0
133.25,-24.25,emu,25,10,0,0,15,0
133.75,-25.25,red_kangaroo,34,20,0,0,14,0
135.75,-19.25,red_kangaroo,23,21,0,0,2,0
136.75,-18.75,red_kangaroo,60,54,0,0,6,0
134.75,-23.25,red_kangaroo,19,16,0,0,3,0
135.75,-23.75,red_kangaroo,24,18,0,0,6,0
135.75,-22.25,red_kangaroo,14,9,0,0,5,0
136.25,-23.75,emu,15,7,0,0,8,0
135.25,-23.25,red_kangaroo,39,25,0,0,14,0
130.25,-25.75,red_kangaroo,12,12,0,0,0,0
138.25,-22.75,red_kangaroo,30,16,0,0,14,0
136.75,-22.25,red_kangaroo,18,18,0,0,0,0
131.25,-24.25,red_kangaroo,28,28,0,0,0,0
129.75,-20.25,emu,19,7,0,0,12,0
134.25,-25.25,red_kangaroo,11,7,0,0,4,0
136.25,-19.75,red_kangaroo,14,14,0,0,0,0
133.75,-26.25,red_kangaroo,15,15,0,0,0,0
129.75,-25.25,red_kangaroo,32,23,0,0,9,0
136.75,-23.75,emu,13,4,0,0,9,0
133.75,-22.25,red_kangaroo,14,14,0,0,0,0
132.75,-24.75,red_kangaroo,11,6,0,0,5,0
131.75,-20.25,emu,57,20,0,0,37,0
133.25,-21.75,red_kangaroo,19,16,0,0,3,0
131.75,-23.75,red_kangaroo,15,14,0,0,1,0
137.25,-23.75,red_kangaroo,11,7,0,0,4,0
132.25,-21.25,red_kangaroo,15,14,0,0,1,0
133.75,-21.25,red_kangaroo,27,26,0,0,1,0
130.75,-22.25,red_kangaroo,32,30,0,0,2,0
132.25,-18.25,red_kangaroo,10,10,0,0,0,0
133.25,-25.75,red_kangaroo,37,32,0,0,5,0
129.25,-19.25,red_kangaroo,16,14,0,0,2,0
136.75,-17.75,red_kangaroo,10,7,0,0,3,0
136.25,-19.25,red_kangaroo,11,7,0,0,4,0
130.25,-20.75,emu,24,8,0,0,16,0
134.25,-20.75,red_kangaroo,11,6,0,0,5,0
134.75,-25.75,red_kangaroo,24,21,0,0,3,0
134.75,-25.25,red_kangaroo,14,11,0,0,3,0
133.75,-24.75,red_kangaroo,21,12,0,0,9,0
137.25,-23.25,red_kangaroo,10,8,0,0,2,0
130.75,-19.25,red_kangaroo,15,8,0,0,7,0
129.75,-19.75,emu,10,4,0,0,6,0
134.75,-18.75,red_kangaroo,10,10,0,0,0,0
129.25,-25.25,red_kangaroo,21,13,0,0,8,0
135.25,-25.25,emu,11,2,0,0,9,0
135.25,-25.75,emu,19,9,0,0,10,0
134.25,-26.25,red_kangaroo,11,11,0,0,0,0
137.75,-17.25,emu,14,1,0,0,13,0
133.75,-19.25,emu,11,5,0,0,6,0
130.25,-20.25,emu,17,7,0,0,10,0
130.25,-26.25,red_kangaroo,12,11,0,0,1,0
134.75,-26.25,red_kangaroo,20,14,0,0,6,0
147.75,-35.25,eastern_grey_kangaroo,1005,1,972,2,6,24
153.25,-27.25,koala,10979,1,634,10258,67,19
149.25,-35.25,eastern_grey_kangaroo,13701,2,13101,46,21,531
150.25,-28.75,emu,139,4,35,8,88,4
146.25,-20.75,emu,43,1,4,0,38,0
140.75,-31.25,red_kangaroo,1049,853,0,0,196,0
136.75,-32.25,red_kangaroo,424,356,0,0,68,0
139.25,-31.25,red_kangaroo,653,554,4,0,95,0
137.75,-30.25,red_kangaroo,683,546,0,0,137,0
139.75,-31.75,red_kangaroo,1596,878,0,0,718,0
140.75,-32.75,red_kangaroo,676,503,0,0,173,0
140.75,-32.25,red_kangaroo,1547,1085,3,0,459,0
134.25,-28.25,red_kangaroo,83,74,0,0,9,0
137.25,-32.25,red_kangaroo,438,342,0,0,96,0
134.25,-30.25,red_kangaroo,594,573,0,0,21,0
134.25,-30.75,red_kangaroo,295,268,0,0,27,0
133.75,-27.25,red_kangaroo,173,164,0,0,9,0
137.75,-31.75,red_kangaroo,477,368,0,0,109,0
134.25,-29.75,red_kangaroo,470,461,0,0,9,0
139.25,-29.75,red_kangaroo,358,278,0,0,80,0
139.25,-33.25,red_kangaroo,869,651,0,0,218,0
136.75,-31.75,red_kangaroo,521,449,0,0,72,0
139.75,-33.25,red_kangaroo,690,541,0,0,149,0
134.75,-29.75,red_kangaroo,498,467,0,0,31,0
136.25,-30.75,red_kangaroo,541,488,0,0,53,0
134.75,-30.25,red_kangaroo,666,627,0,0,39,0
137.25,-32.75,red_kangaroo,481,310,0,0,171,0
134.25,-27.75,red_kangaroo,288,277,0,0,11,0
133.75,-30.25,red_kangaroo,498,472,0,0,26,0
134.75,-31.25,red_kangaroo,192,173,0,0,19,0
133.25,-27.25,red_kangaroo,15,10,0,0,5,0
133.25,-29.75,red_kangaroo,400,391,0,0,9,0
134.75,-27.25,red_kangaroo,148,140,0,0,8,0
136.25,-31.75,red_kangaroo,247,225,0,0,22,0
135.25,-31.75,red_kangaroo,332,265,0,0,67,0
133.75,-30.75,red_kangaroo,32,25,0,0,7,0
136.25,-30.25,red_kangaroo,386,348,0,0,38,0
135.75,-31.25,red_kangaroo,339,276,0,0,63,0
139.25,-31.75,red_kangaroo,526,424,12,0,90,0
133.75,-28.75,red_kangaroo,51,45,0,0,6,0
137.25,-31.25,red_kangaroo,645,532,0,0,113,0
138.75,-29.75,red_kangaroo,469,372,0,0,97,0
134.25,-26.75,red_kangaroo,15,11,0,0,4,0
138.75,-27.25,emu,36,7,0,0,29,0
134.75,-30.75,red_kangaroo,410,377,0,0,33,0
130.25,-28.75,red_kangaroo,16,12,0,0,4,0
135.25,-28.25,red_kangaroo,28,21,0,0,7,0
139.75,-30.75,red_kangaroo,87,64,0,0,23,0
135.75,-29.75,red_kangaroo,513,456,0,0,57,0
140.75,-26.25,red_kangaroo,10,6,0,0,4,0
129.75,-29.25,red_kangaroo,12,8,0,0,4,0
137.25,-26.25,red_kangaroo,13,12,0,0,1,0
134.75,-31.75,red_kangaroo,173,138,0,0,35,0
136.25,-29.75,red_kangaroo,120,108,0,0,12,0
137.75,-31.25,red_kangaroo,203,155,0,0,48,0
134.75,-26.75,red_kangaroo,45,26,0,0,19,0
135.25,-26.75,red_kangaroo,32,18,0,0,14,0
127.25,-29.75,red_kangaroo,19,19,0,0,0,0
139.75,-29.75,red_kangaroo,200,135,0,0,65,0
140.25,-30.25,red_kangaroo,34,27,0,0,7,0
138.25,-32.75,emu,459,82,5,0,372,0
135.25,-27.25,red_kangaroo,32,27,0,0,5,0
132.25,-31.75,red_kangaroo,21,16,0,0,5,0
140.75,-30.75,red_kangaroo,23,20,2,0,1,0
135.25,-27.75,red_kangaroo,53,43,0,0,10,0
137.75,-30.75,red_kangaroo,110,91,0,0,19,0
135.75,-33.25,emu,27,5,0,0,22,0
130.25,-29.25,red_kangaroo,32,28,0,0,4,0
127.25,-29.25,red_kangaroo,11,11,0,0,0,0
133.75,-27.75,red_kangaroo,62,56,0,0,6,0
141.25,-31.25,emu,38,6,0,0,32,0
127.75,-30.25,red_kangaroo,13,13,0,0,0,0
135.75,-27.25,emu,29,10,0,0,19,0
136.25,-28.25,emu,18,2,0,0,16,0
138.25,-27.75,emu,99,2,0,0,97,0
129.25,-30.75,red_kangaroo,16,16,0,0,0,0
136.75,-29.75,red_kangaroo,19,13,0,0,6,0
134.75,-32.25,emu,187,32,0,0,155,0
132.25,-28.75,red_kangaroo,16,10,0,0,6,0
133.25,-28.75,red_kangaroo,10,7,0,0,3,0
138.75,-27.75,emu,68,4,0,0,64,0
136.25,-27.75,red_kangaroo,20,11,0,0,9,0
140.75,-27.25,emu,36,15,0,0,21,0
137.25,-33.25,emu,210,28,0,0,182,0
136.25,-33.75,emu,24,1,0,0,23,0
140.75,-28.25,emu,19,4,0,0,15,0
136.75,-33.75,emu,62,5,0,0,57,0
138.75,-29.25,red_kangaroo,32,28,0,0,4,0
128.25,-31.75,emu,35,5,0,0,30,0
135.25,-26.25,emu,15,5,0,0,10,0
139.75,-27.25,emu,21,2,0,0,19,0
137.25,-33.75,emu,21,1,0,0,20,0
133.75,-26.75,red_kangaroo,10,8,0,0,2,0
131.25,-29.75,red_kangaroo,14,14,0,0,0,0
133.75,-28.25,red_kangaroo,13,9,0,0,4,0
136.75,-33.25,emu,340,5,0,0,335,0
141.25,-32.75,emu,21,3,0,0,18,0
140.75,-26.75,emu,20,6,0,0,14,0
139.25,-26.25,emu,10,1,0,0,9,0
140.25,-34.75,emu,124,5,0,0,119,0
140.25,-26.25,emu,23,6,0,0,17,0
126.25,-31.25,red_kangaroo,14,11,0,0,3,0
137.75,-27.75,emu,28,2,0,0,26,0
140.75,-34.75,emu,77,2,0,0,75,0
134.75,-32.75,emu,29,5,0,0,24,0
138.75,-28.75,emu,38,2,0,0,36,0
135.25,-33.25,emu,57,1,0,0,56,0
135.75,-26.25,emu,12,2,0,0,10,0
140.25,-28.25,emu,12,1,0,0,11,0
135.75,-33.75,emu,58,1,0,0,57,0
138.75,-28.25,emu,48,1,0,0,47,0
137.75,-33.25,emu,30,1,0,0,29,0
147.25,-32.25,emu,63,5,10,0,48,0
142.75,-33.25,emu,88,16,12,0,60,0
149.25,-31.25,emu,934,9,261,180,482,2
149.25,-28.75,emu,127,4,5,0,118,0
142.75,-31.75,red_kangaroo,251,161,0,0,90,0
149.25,-30.75,eastern_grey_kangaroo,20884,139,19000,520,1225,0
147.25,-35.25,eastern_grey_kangaroo,1255,3,1173,9,25,45
147.25,-29.75,emu,197,7,14,3,173,0
146.25,-32.25,emu,66,3,2,0,61,0
147.75,-29.25,emu,229,17,24,13,175,0
146.25,-33.25,emu,415,2,20,0,392,1
147.75,-33.25,eastern_grey_kangaroo,40,2,26,0,11,1
150.75,-34.25,koala,45411,4,4842,40356,18,191
150.25,-33.25,eastern_grey_kangaroo,5998,1,5848,73,9,67
148.75,-30.75,koala,526,19,129,259,119,0
152.25,-31.75,koala,5694,3,218,5290,0,183
149.75,-28.75,emu,94,4,25,11,54,0
146.25,-29.25,emu,208,45,22,0,141,0
149.75,-33.25,eastern_grey_kangaroo,2414,6,1621,582,86,119
151.25,-32.75,eastern_grey_kangaroo,4382,3,3882,385,57,55
148.25,-29.75,emu,171,12,16,16,127,0
143.75,-31.75,emu,75,12,0,0,63,0
150.75,-33.75,eastern_grey_kangaroo,11523,16,8260,2394,637,216
150.25,-36.25,eastern_grey_kangaroo,1664,1,951,409,285,18
148.75,-32.75,eastern_grey_kangaroo,253,4,186,4,21,38
142.75,-32.25,emu,208,3,1,0,204,0
142.75,-30.75,emu,113,26,1,0,86,0
146.25,-29.75,emu,150,7,26,3,114,0
148.25,-30.25,emu,165,5,14,8,137,1
145.25,-33.25,emu,358,40,18,0,298,2
141.75,-32.75,emu,105,4,1,0,100,0
143.75,-29.75,emu,57,16,3,0,38,0
151.75,-32.75,koala,8965,5,1695,7108,73,84
143.25,-32.75,emu,97,1,0,0,96,0
150.75,-35.25,eastern_grey_kangaroo,3277,2,3257,10,3,5
148.75,-31.75,emu,209,3,49,15,141,1
146.25,-35.75,eastern_grey_kangaroo,111,3,81,0,4,23
151.75,-33.25,eastern_grey_kangaroo,579,1,489,74,4,11
141.75,-33.25,emu,178,13,0,0,165,0
144.25,-32.75,emu,91,4,3,5,79,0
144.75,-34.75,emu,353,10,16,1,323,3
142.75,-32.75,emu,74,9,1,0,64,0
148.25,-32.25,eastern_grey_kangaroo,141,4,91,2,43,1
149.25,-33.25,eastern_grey_kangaroo,2399,4,2112,181,35,67
147.75,-30.75,emu,556,11,45,2,498,0
150.75,-31.25,eastern_grey_kangaroo,898,6,727,161,2,2
149.75,-29.25,emu,513,7,51,72,381,2
146.25,-30.75,emu,58,1,0,1,56,0
147.25,-30.75,emu,357,6,8,0,343,0
147.25,-33.75,emu,316,9,90,0,216,1
146.75,-32.25,emu,25,2,7,0,16,0
147.25,-30.25,emu,111,7,4,0,100,0
144.75,-29.25,emu,102,7,0,0,95,0
148.75,-31.25,emu,801,6,229,69,497,0
144.75,-30.25,emu,37,3,4,0,30,0
150.25,-29.75,emu,396,1,56,76,253,10
142.25,-33.75,emu,39,13,5,0,21,0
144.25,-33.25,emu,57,2,0,0,55,0
148.25,-29.25,emu,79,2,5,15,57,0
146.75,-30.75,emu,51,2,4,0,45,0
145.25,-35.25,emu,173,5,10,0,158,0
146.75,-31.25,emu,74,4,13,0,57,0
149.25,-33.75,koala,1345,1,487,809,18,30
146.75,-31.75,emu,58,3,12,0,43,0
151.75,-30.75,eastern_grey_kangaroo,6070,2,4227,1812,5,24
149.25,-30.25,eastern_grey_kangaroo,1130,6,767,29,327,1
141.75,-30.75,emu,87,3,1,0,83,0
145.25,-31.75,emu,56,1,0,0,55,0
148.75,-34.75,eastern_grey_kangaroo,1098,1,998,10,5,84
148.25,-35.25,eastern_grey_kangaroo,1821,1,1603,2,98,117
141.25,-30.75,emu,28,2,0,0,26,0
146.75,-32.75,emu,76,7,11,1,57,0
150.25,-31.25,koala,1695,3,151,1482,57,2
143.25,-29.25,emu,58,1,1,0,56,0
143.25,-30.25,emu,20,1,0,0,19,0
141.25,-30.25,emu,25,4,3,0,18,0
146.75,-34.75,koala,5730,1,96,5572,25,36
144.25,-29.25,emu,70,1,0,0,69,0
150.75,-32.25,eastern_grey_kangaroo,1293,3,1200,56,1,33
145.25,-30.75,emu,124,2,2,0,120,0
145.25,-32.25,emu,39,2,0,0,37,0
151.25,-33.25,koala,2479,4,783,1372,10,310
151.25,-34.25,koala,383,3,25,336,0,19
153.75,-28.75,koala,5082,1,35,4918,4,124
151.25,-29.75,koala,1228,3,573,617,17,18
148.25,-33.25,emu,378,1,159,6,195,17
152.75,-30.75,koala,3429,1,370,3008,3,47
147.75,-32.25,emu,64,1,21,1,41,0
152.75,-31.25,koala,21380,2,2363,18879,4,132
152.75,-31.75,koala,4031,1,579,3397,3,51
146.75,-35.25,emu,71,2,30,1,36,2
149.75,-32.75,eastern_grey_kangaroo,2371,3,1431,848,18,71
145.75,-34.75,emu,182,3,49,2,128,0
148.25,-31.75,emu,63,2,8,1,52,0
147.25,-31.25,emu,155,2,7,0,146,0
144.75,-33.25,emu,95,2,0,0,93,0
142.75,-29.75,emu,84,2,0,0,82,0
148.75,-29.75,emu,71,1,5,7,58,0
145.25,-29.75,emu,82,1,1,1,79,0
147.25,-32.75,emu,39,2,8,0,29,0
148.75,-33.75,eastern_grey_kangaroo,369,2,284,2,33,48
149.25,-29.75,emu,125,2,9,1,113,0
149.75,-33.75,koala,1935,1,693,991,11,239
150.25,-30.25,eastern_grey_kangaroo,4545,1,4216,289,39,0
143.75,-30.25,emu,44,4,0,0,40,0
149.75,-34.25,eastern_grey_kangaroo,1924,1,1623,58,200,42
153.25,-29.25,koala,10343,1,1902,7040,1388,12
147.25,-33.25,emu,97,1,14,0,82,0
146.25,-31.75,emu,54,1,2,0,51,0
147.25,-31.75,emu,211,2,24,0,184,1
147.75,-34.25,eastern_grey_kangaroo,78,1,45,0,32,0
150.75,-34.75,eastern_grey_kangaroo,5331,2,3112,2014,8,195
144.25,-30.75,emu,76,2,1,0,73,0
153.25,-30.75,eastern_grey_kangaroo,1499,1,1046,433,17,2
144.75,-30.75,emu,97,2,1,0,94,0
148.75,-34.25,eastern_grey_kangaroo,2285,1,2238,10,5,31
150.25,-29.25,koala,284,1,17,207,59,0
142.25,-30.25,emu,120,1,1,0,118,0
149.25,-34.75,eastern_grey_kangaroo,1069,1,1022,12,2,32
152.75,-29.75,koala,4218,1,1311,2787,13,106
148.75,-33.25,eastern_grey_kangaroo,423,1,311,7,18,86
148.75,-29.25,emu,90,1,7,5,77,0
145.25,-35.75,koala,735,1,118,357,249,10
150.75,-31.75,eastern_grey_kangaroo,1368,1,1215,140,4,8
152.75,-26.25,koala,3225,1,214,2850,13,147
144.25,-37.75,koala,2064,0,769,1093,74,128
144.25,-38.25,emu,2577,0,937,145,1292,203
144.75,-37.75,eastern_grey_kangaroo,1629,0,1258,110,22,239
144.75,-38.25,eastern_grey_kangaroo,844,0,719,117,7,1
143.75,-38.25,eastern_grey_kangaroo,237,0,80,79,2,76
147.25,-36.25,eastern_grey_kangaroo,324,0,192,2,32,98
141.25,-38.25,emu,2007,0,564,655,766,22
147.75,-37.75,koala,1570,0,308,606,581,75
145.75,-37.25,platypus,852,0,248,286,5,313
141.75,-37.75,koala,965,0,349,433,149,34
145.75,-37.75,koala,928,0,291,343,20,274
148.75,-37.75,emu,285,0,76,1,137,71
143.25,-37.25,eastern_grey_kangaroo,666,0,284,268,8,106
148.25,-37.25,eastern_grey_kangaroo,598,0,200,183,139,76
148.25,-37.75,emu,473,0,182,61,185,45
146.75,-38.75,eastern_grey_kangaroo,366,0,205,105,40,16
143.75,-37.75,koala,1043,0,442,562,0,39
144.25,-37.25,eastern_grey_kangaroo,4003,0,2862,807,106,228
141.25,-37.75,koala,1400,0,231,713,419,37
142.75,-36.75,emu,135,0,47,29,48,11
145.75,-38.25,eastern_grey_kangaroo,751,0,536,122,7,86
145.25,-36.75,emu,1123,0,246,245,504,128
143.25,-36.75,eastern_grey_kangaroo,315,0,295,16,1,3
146.75,-36.25,eastern_grey_kangaroo,2564,0,2176,194,6,188
147.75,-37.25,emu,361,0,118,9,140,94
141.75,-38.25,koala,1933,0,572,1122,234,5
143.25,-38.75,koala,368,0,117,178,3,70
147.75,-38.25,emu,179,0,76,26,77,0
142.25,-37.25,emu,2328,0,482,143,1687,16
144.25,-36.75,eastern_grey_kangaroo,711,0,609,78,17,7
145.25,-37.25,koala,1126,0,320,334,178,294
145.25,-38.25,koala,4030,0,954,2973,84,19
146.75,-38.25,koala,1088,0,123,662,228,75
150.25,-37.25,eastern_grey_kangaroo,51,0,47,1,3,0
145.75,-36.25,eastern_grey_kangaroo,173,0,99,12,5,57
145.25,-36.25,eastern_grey_kangaroo,198,0,87,54,5,52
140.75,-38.25,emu,115,0,36,17,61,1
145.75,-38.75,eastern_grey_kangaroo,664,0,341,235,79,9
146.25,-36.75,eastern_grey_kangaroo,302,0,124,47,8,123
146.75,-36.75,eastern_grey_kangaroo,382,0,190,5,4,183
144.75,-37.25,koala,1074,0,388,501,122,63
146.25,-36.25,eastern_grey_kangaroo,649,0,315,139,68,127
143.75,-37.25,eastern_grey_kangaroo,468,0,232,118,4,114
148.75,-37.25,eastern_grey_kangaroo,201,0,71,25,46,59
142.75,-37.75,eastern_grey_kangaroo,39,0,15,2,7,15
147.25,-37.25,emu,207,0,60,1,108,38
144.75,-36.75,eastern_grey_kangaroo,675,0,394,10,218,53
148.25,-36.75,emu,494,0,215,3,240,36
142.75,-37.25,emu,2063,0,656,189,1197,21
144.25,-35.75,emu,718,0,113,61,458,86
145.75,-36.75,koala,1111,0,447,500,1,163
147.25,-38.25,emu,465,0,164,115,169,17
143.25,-38.25,koala,252,0,97,147,1,7
141.75,-37.25,emu,461,0,152,73,217,19
146.25,-38.75,emu,2071,0,359,577,1027,108
143.75,-36.25,eastern_grey_kangaroo,68,0,41,1,2,24
142.25,-37.75,emu,1036,0,194,245,546,51
143.75,-36.75,eastern_grey_kangaroo,363,0,219,27,1,116
142.25,-36.75,emu,392,0,51,9,316,16
141.25,-37.25,emu,606,0,39,242,312,13
146.25,-38.25,koala,1568,0,185,1169,51,163
147.75,-36.25,eastern_grey_kangaroo,295,0,174,0,55,66
146.75,-37.25,emu,47,0,5,0,27,15
142.75,-38.25,koala,368,0,38,207,9,114
149.25,-37.75,eastern_grey_kangaroo,94,0,42,0,18,34
143.75,-38.75,koala,1836,0,207,1338,22,269
147.25,-36.75,platypus,197,0,34,3,22,138
149.75,-37.75,koala,241,0,74,122,41,4
149.75,-37.25,eastern_grey_kangaroo,1172,0,714,111,262,85
144.25,-36.25,eastern_grey_kangaroo,88,0,67,1,13,7
144.75,-36.25,eastern_grey_kangaroo,239,0,132,5,38,64
147.25,-37.75,emu,553,0,122,128,260,43
142.25,-38.25,emu,1919,0,115,429,1303,72
149.25,-37.25,emu,704,0,288,73,290,53
142.75,-38.75,eastern_grey_kangaroo,57,0,35,21,0,1
145.25,-38.75,koala,63,0,14,49,0,0
146.25,-39.25,emu,188,0,14,72,100,2
146.75,-37.75,emu,188,0,29,22,73,64
140.75,-37.25,emu,246,0,16,10,220,0
146.25,-37.25,koala,205,0,36,85,0,84
147.75,-36.75,platypus,131,0,39,0,43,49
143.25,-37.75,eastern_grey_kangaroo,130,0,63,4,11,52
145.75,-35.75,koala,448,0,162,215,46,25
148.75,-36.75,eastern_grey_kangaroo,450,0,276,42,77,55
140.75,-37.75,emu,409,0,78,60,269,2
143.25,-36.25,eastern_grey_kangaroo,17,0,12,2,0,3
141.75,-36.75,emu,925,0,14,5,900,6
143.75,-35.25,emu,61,0,10,8,37,6
147.75,-35.75,eastern_grey_kangaroo,3890,0,3832,4,14,40
146.25,-37.75,koala,168,0,4,90,3,71
150.25,-23.25,eastern_grey_kangaroo,134,0,80,10,40,4
152.75,-25.75,koala,638,0,245,350,27,16
152.75,-28.25,koala,1802,0,135,1608,0,59
145.25,-16.75,emu,862,0,89,1,723,49
145.25,-17.75,eastern_grey_kangaroo,221,0,156,8,25,32
143.75,-14.75,emu,151,0,13,0,138,0
149.75,-27.25,emu,135,0,39,29,67,0
151.75,-28.25,eastern_grey_kangaroo,483,0,344,96,42,1
150.25,-24.75,emu,43,0,10,7,18,8
146.75,-19.25,koala,697,0,46,628,22,1
145.75,-17.25,platypus,761,0,10,4,12,735
149.75,-24.25,koala,41,0,9,18,14,0
152.25,-26.75,koala,363,0,37,302,0,24
150.25,-26.25,emu,34,0,9,3,22,0
149.25,-23.75,eastern_grey_kangaroo,131,0,80,10,39,2
151.25,-27.25,eastern_grey_kangaroo,233,0,92,87,53,1
147.75,-19.75,emu,18,0,4,0,14,0
150.25,-25.25,emu,63,0,18,12,27,6
151.75,-28.75,eastern_grey_kangaroo,540,0,344,110,45,41
145.25,-18.25,eastern_grey_kangaroo,90,0,50,5,35,0
151.75,-27.25,koala,1024,0,58,955,6,5
151.75,-26.25,koala,737,0,12,721,3,1
153.25,-26.25,koala,892,0,186,680,20,6
145.25,-18.75,eastern_grey_kangaroo,21,0,10,1,10,0
153.25,-26.75,eastern_grey_kangaroo,557,0,354,172,14,17
152.75,-27.25,koala,14546,0,225,13906,2,413
152.75,-26.75,koala,1859,0,146,1140,23,550
152.25,-25.25,emu,111,0,19,10,71,11
152.25,-27.25,koala,3124,0,66,3033,1,24
149.25,-25.25,eastern_grey_kangaroo,65,0,33,7,25,0
151.25,-28.25,emu,593,0,39,33,518,3
147.25,-20.25,emu,11,0,1,0,10,0
151.25,-26.75,eastern_grey_kangaroo,72,0,31,26,15,0
150.75,-26.75,emu,124,0,13,17,94,0
147.75,-22.75,koala,180,0,20,102,58,0
153.25,-28.25,koala,12043,0,131,11416,12,484
147.75,-21.75,emu,32,0,12,5,15,0
151.75,-24.25,eastern_grey_kangaroo,192,0,141,8,42,1
150.25,-27.75,emu,96,0,16,8,72,0
148.25,-22.75,koala,52,0,9,36,6,1
150.75,-27.25,eastern_grey_kangaroo,92,0,39,19,34,0
151.25,-23.75,eastern_grey_kangaroo,98,0,80,6,12,0
151.25,-27.75,koala,68,0,14,31,23,0
150.75,-25.25,emu,24,0,8,6,10,0
149.75,-25.25,emu,84,0,27,4,53,0
153.25,-27.75,koala,57600,0,853,56604,4,139
145.25,-15.75,eastern_grey_kangaroo,22,0,14,0,1,7
150.75,-27.75,eastern_grey_kangaroo,38,0,21,2,15,0
145.25,-17.25,platypus,126,0,45,5,7,69
143.25,-14.25,eastern_grey_kangaroo,19,0,14,0,5,0
148.75,-21.75,koala,1146,0,18,1099,28,1
149.75,-23.75,eastern_grey_kangaroo,67,0,24,16,24,3
151.75,-27.75,koala,1162,0,105,1047,8,2
150.25,-22.75,eastern_grey_kangaroo,28,0,14,1,13,0
148.75,-25.25,emu,107,0,12,3,92,0
152.25,-25.75,koala,62,0,19,39,0,4
147.75,-20.75,emu,21,0,6,3,12,0
150.25,-22.25,eastern_grey_kangaroo,18,0,11,0,7,0
152.75,-25.25,eastern_grey_kangaroo,221,0,141,54,25,1
152.25,-28.25,koala,575,0,111,342,6,116
149.75,-22.75,emu,57,0,4,26,27,0
151.25,-28.75,eastern_grey_kangaroo,674,0,433,13,223,5
148.25,-24.25,koala,141,0,14,89,38,0
148.75,-23.25,emu,28,0,8,7,13,0
151.25,-25.25,platypus,42,0,6,12,10,14
149.25,-22.25,koala,86,0,4,53,25,4
143.75,-18.75,koala,30,0,5,13,12,0
148.75,-23.75,eastern_grey_kangaroo,34,0,14,9,11,0
150.75,-23.25,emu,129,0,42,16,66,5
151.75,-24.75,eastern_grey_kangaroo,45,0,18,12,11,4
151.25,-24.75,koala,61,0,12,27,17,5
151.25,-24.25,koala,63,0,19,24,16,4
149.75,-23.25,emu,20,0,5,5,10,0
150.25,-23.75,eastern_grey_kangaroo,56,0,26,5,23,2
144.75,-18.75,emu,29,0,7,0,22,0
143.25,-13.75,eastern_grey_kangaroo,22,0,15,0,7,0
151.25,-25.75,eastern_grey_kangaroo,36,0,12,12,5,7
150.75,-24.75,koala,112,0,26,51,33,2
152.25,-28.75,koala,1479,0,306,1086,2,85
151.75,-26.75,koala,320,0,20,285,8,7
151.75,-25.75,koala,71,0,7,29,24,11
153.75,-27.25,koala,715,0,327,388,0,0
144.25,-15.25,emu,30,0,4,0,26,0
149.75,-26.25,eastern_grey_kangaroo,29,0,17,5,7,0
148.25,-23.75,emu,67,0,16,23,27,1
150.75,-22.75,emu,67,0,13,1,51,2
148.25,-26.25,emu,37,0,4,6,27,0
150.75,-23.75,emu,33,0,9,7,17,0
145.75,-16.75,platypus,30,0,8,2,1,19
152.25,-24.75,platypus,280,0,126,10,6,138
148.75,-25.75,emu,26,0,9,1,15,1
148.75,-24.25,emu,50,0,14,17,19,0
150.25,-25.75,koala,16,0,4,6,6,0
145.75,-18.25,platypus,19,0,5,4,2,8
147.75,-23.75,emu,32,0,4,9,19,0
144.25,-15.75,emu,12,0,2,0,10,0
151.75,-25.25,koala,60,0,6,37,11,6
148.75,-20.75,emu,56,0,16,16,17,7
148.25,-25.25,eastern_grey_kangaroo,282,0,139,20,53,70
147.75,-24.75,emu,46,0,9,8,27,2
149.75,-25.75,emu,51,0,13,11,25,2
150.75,-25.75,emu,22,0,5,3,14,0
148.25,-23.25,emu,28,0,10,5,13,0
148.25,-21.25,platypus,94,0,15,16,12,51
149.75,-24.75,emu,71,0,6,9,53,3
145.25,-20.75,emu,26,0,4,2,20,0
149.25,-23.25,emu,43,0,5,1,37,0
142.25,-28.75,emu,21,0,2,0,19,0
150.75,-26.25,emu,24,0,9,4,11,0
145.25,-16.25,platypus,22,0,2,0,0,20
144.25,-14.75,emu,17,0,5,0,12,0
149.25,-24.25,eastern_grey_kangaroo,11,0,5,2,4,0
146.75,-20.25,emu,25,0,3,2,20,0
142.75,-27.25,emu,15,0,1,0,14,0
148.75,-22.75,emu,39,0,13,7,19,0
149.25,-21.75,koala,57,0,11,38,5,3
149.25,-27.75,emu,39,0,8,2,29,0
148.25,-24.75,emu,118,0,15,7,92,4
147.25,-24.75,emu,51,0,13,8,30,0
145.75,-18.75,emu,81,0,8,19,37,17
142.75,-13.25,emu,32,0,9,0,23,0
147.75,-26.75,emu,14,0,3,2,9,0
146.25,-26.75,emu,39,0,4,1,34,0
147.25,-19.75,emu,52,0,6,6,40,0
150.75,-28.75,emu,560,0,146,6,404,4
143.75,-15.25,emu,44,0,1,0,43,0
146.75,-23.25,emu,15,0,3,1,11,0
150.25,-24.25,emu,71,0,2,2,67,0
144.75,-15.75,eastern_grey_kangaroo,10,0,9,0,1,0
148.75,-21.25,koala,814,0,13,417,14,370
148.75,-20.25,emu,82,0,10,18,54,0
145.75,-17.75,platypus,34,0,2,2,1,29
147.25,-23.75,emu,18,0,1,6,11,0
148.25,-20.25,emu,52,0,12,17,23,0
151.25,-26.25,koala,49,0,6,24,19,0
148.75,-22.25,emu,16,0,2,2,12,0
149.75,-22.25,eastern_grey_kangaroo,49,0,17,17,15,0
151.25,-29.25,eastern_grey_kangaroo,1354,0,1024,170,71,89
150.75,-24.25,emu,127,0,17,48,62,0
148.75,-24.75,emu,72,0,22,3,47,0
148.75,-26.25,emu,50,0,4,6,40,0
143.75,-14.25,emu,10,0,3,0,7,0
152.25,-26.25,koala,489,0,8,469,0,12
147.75,-20.25,emu,24,0,2,6,16,0
149.25,-28.25,emu,13,0,1,3,9,0
149.25,-20.75,koala,260,0,63,192,5,0
146.75,-25.75,emu,36,0,4,2,30,0
145.75,-22.75,emu,37,0,4,5,28,0
148.25,-20.75,emu,15,0,3,3,7,2
151.75,-32.25,koala,4551,0,243,4119,2,187
146.75,-41.25,eastern_grey_kangaroo,265,0,195,0,1,69
148.25,-42.75,eastern_grey_kangaroo,207,0,155,0,52,0
152.25,-32.25,koala,12957,0,207,12711,0,39
150.25,-36.75,koala,488,0,108,380,0,0
148.25,-34.25,eastern_grey_kangaroo,350,0,193,0,155,2
150.25,-35.25,koala,2419,0,850,1244,268,57
148.75,-35.75,eastern_grey_kangaroo,697,0,604,6,14,73
150.25,-35.75,eastern_grey_kangaroo,5979,0,5938,15,2,24
152.25,-29.75,eastern_grey_kangaroo,868,0,633,199,3,33
150.25,-34.75,koala,8178,0,1737,6230,116,95
147.75,-41.75,platypus,112,0,21,0,3,88
149.75,-36.75,koala,8177,0,3412,4369,41,355
149.75,-36.25,koala,2137,0,452,1635,5,45
149.25,-32.75,eastern_grey_kangaroo,274,0,144,28,84,18
152.75,-30.25,koala,7854,0,97,7285,20,452
148.75,-36.25,eastern_grey_kangaroo,3247,0,2814,45,150,238
150.25,-32.75,eastern_grey_kangaroo,267,0,192,47,6,22
149.75,-32.25,eastern_grey_kangaroo,4261,0,2644,614,994,9
148.25,-36.25,eastern_grey_kangaroo,436,0,197,3,88,148
153.25,-30.25,koala,7123,0,2656,4323,11,133
148.25,-34.75,eastern_grey_kangaroo,1090,0,1052,0,7,31
152.25,-30.75,eastern_grey_kangaroo,1972,0,1733,210,2,27
151.25,-32.25,eastern_grey_kangaroo,779,0,548,154,0,77
151.75,-31.25,koala,433,0,64,346,2,21
149.75,-34.75,eastern_grey_kangaroo,1147,0,961,120,20,46
148.25,-35.75,eastern_grey_kangaroo,1404,0,1206,6,102,90
149.25,-36.25,koala,9428,0,1880,7409,4,135
150.25,-34.25,koala,4235,0,1587,2221,206,221
152.25,-32.75,koala,15444,0,2040,13390,10,4
152.25,-30.25,eastern_grey_kangaroo,2111,0,1732,337,1,41
148.25,-40.75,eastern_grey_kangaroo,90,0,89,0,0,1
152.25,-31.25,koala,485,0,72,355,0,58
153.25,-29.75,emu,5652,0,1784,219,3645,4
149.75,-35.25,eastern_grey_kangaroo,1857,0,1405,327,7,118
149.25,-35.75,eastern_grey_kangaroo,3540,0,2578,827,8,127
151.75,-29.25,eastern_grey_kangaroo,523,0,379,56,2,86
141.25,-36.75,emu,205,0,2,0,203,0
151.25,-31.75,koala,578,0,108,412,1,57
149.25,-36.75,eastern_grey_kangaroo,1046,0,671,55,24,296
149.25,-34.25,eastern_grey_kangaroo,159,0,123,5,3,28
140.75,-36.75,emu,281,0,4,1,276,0
151.25,-30.75,koala,12472,0,1259,11139,4,70
149.75,-35.75,eastern_grey_kangaroo,1400,0,1256,9,0,135
148.25,-33.75,eastern_grey_kangaroo,175,0,87,3,82,3
150.75,-33.25,koala,5888,0,87,5745,21,35
147.25,-41.25,platypus,136,0,4,0,0,132
150.25,-31.75,koala,3917,0,973,2940,3,1
153.25,-31.25,eastern_grey_kangaroo,125,0,121,4,0,0
147.25,-35.75,eastern_grey_kangaroo,794,0,777,2,8,7
150.75,-32.75,koala,685,0,189,487,1,8
147.75,-33.75,emu,305,0,54,0,251,0
150.75,-30.75,eastern_grey_kangaroo,204,0,121,11,3,69
150.25,-32.25,emu,446,0,163,22,250,11
150.75,-29.75,eastern_grey_kangaroo,5570,0,4461,769,320,20
148.25,-28.25,emu,25,0,1,1,23,0
149.25,-25.75,emu,13,0,2,0,8,3
141.75,-36.25,emu,808,0,8,2,796,2
148.25,-32.75,eastern_grey_kangaroo,197,0,103,7,87,0
152.75,-28.75,koala,1789,0,143,1597,0,49
147.25,-34.75,eastern_grey_kangaroo,97,0,95,0,2,0
146.75,-23.75,emu,30,0,2,2,26,0
146.25,-41.75,platypus,288,0,1,0,142,145
151.25,-30.25,eastern_grey_kangaroo,873,0,632,168,2,71
138.75,-35.25,koala,2533,0,9,2207,311,6
151.75,-31.75,koala,1294,0,53,1140,1,100
151.75,-29.75,eastern_grey_kangaroo,955,0,839,58,13,45
152.75,-29.25,koala,2827,0,132,2672,6,17
150.75,-30.25,eastern_grey_kangaroo,609,0,590,12,6,1
149.25,-22.75,koala,49,0,3,31,15,0
147.75,-34.75,eastern_grey_kangaroo,155,0,100,2,52,1
140.25,-37.75,emu,91,0,2,0,89,0
147.25,-42.25,platypus,49,0,4,0,1,44
139.75,-37.25,emu,129,0,17,0,112,0
142.25,-36.25,emu,160,0,3,2,146,9
149.75,-30.75,eastern_grey_kangaroo,821,0,361,233,226,1
149.75,-31.75,eastern_grey_kangaroo,69,0,32,19,15,3
151.25,-31.25,eastern_grey_kangaroo,1777,0,1516,186,11,64
153.75,-28.25,koala,4612,0,26,4579,0,7
138.25,-35.75,emu,38,0,2,9,27,0
149.75,-31.25,koala,317,0,30,203,83,1
147.25,-42.75,platypus,343,0,2,0,3,338
140.75,-36.25,emu,47,0,1,0,46,0
152.75,-32.25,koala,451,0,31,417,0,3
146.25,-18.75,emu,23,0,1,2,12,8
146.25,-41.25,platypus,372,0,2,0,0,370
139.75,-36.75,emu,34,0,1,0,33,0
138.25,-35.25,koala,30,0,1,23,6,0
146.25,-42.25,platypus,75,0,1,0,0,74
147.25,-41.75,platypus,165,0,18,5,5,137
142.75,-21.75,emu,22,0,2,0,20,0
115.25,-33.75,eastern_grey_kangaroo,296,0,217,0,79,0
143.75,-22.75,emu,49,0,2,0,47,0
140.75,-35.75,emu,117,0,6,0,111,0
146.25,-32.75,emu,346,0,2,0,344,0
147.75,-42.25,eastern_grey_kangaroo,88,0,80,0,0,8
136.75,-35.75,koala,473,0,1,348,58,66
143.75,-32.25,emu,47,0,1,0,46,0
144.25,-35.25,emu,123,0,13,0,107,3
141.75,-35.75,emu,314,0,1,0,313,0
140.25,-37.25,emu,61,0,3,4,54,0
142.75,-24.75,emu,12,0,1,0,11,0
147.25,-20.75,eastern_grey_kangaroo,15,0,7,1,7,0
145.75,-27.25,emu,70,0,1,0,69,0
143.25,-28.25,emu,11,0,1,0,10,0
147.25,-27.25,koala,68,0,1,47,20,0
152.25,-29.25,koala,391,0,147,201,1,42
139.75,-35.75,emu,102,0,1,0,101,0
145.25,-21.75,emu,13,0,2,4,7,0
145.75,-41.75,platypus,185,0,1,0,1,183
137.75,-35.75,koala,93,0,1,84,8,0
140.25,-36.25,emu,119,0,1,0,118,0
140.25,-35.75,emu,189,0,2,0,187,0
137.25,-35.75,koala,655,0,1,652,2,0
149.25,-32.25,eastern_grey_kangaroo,858,0,798,10,28,22
148.75,-30.25,koala,129,0,7,70,52,0
146.75,-34.25,eastern_grey_kangaroo,22,0,12,1,9,0
149.25,-31.75,emu,180,0,39,33,108,0
146.75,-33.25,emu,40,0,4,0,35,1
146.75,-33.75,eastern_grey_kangaroo,14,0,7,0,7,0
143.75,-33.25,emu,50,0,1,0,49,0
142.75,-12.75,emu,11,0,3,0,8,0
148.25,-41.25,platypus,36,0,10,0,0,26
147.75,-42.75,platypus,26,0,1,0,1,24
143.25,-17.75,emu,10,0,4,0,6,0
135.75,-34.75,emu,946,0,0,166,780,0
138.75,-35.75,emu,114,0,0,4,109,1
141.25,-36.25,emu,66,0,0,2,64,0
147.75,-24.25,koala,11,0,0,10,1,0
145.75,-25.25,emu,22,0,0,4,18,0
144.25,-26.25,emu,18,0,0,1,17,0
149.25,-21.25,koala,108,0,0,92,0,16
144.75,-23.25,emu,26,0,0,1,25,0
146.25,-25.25,emu,68,0,0,15,53,0
144.75,-21.75,emu,27,0,0,2,25,0
145.75,-24.25,emu,28,0,0,3,25,0
144.25,-24.25,emu,39,0,0,2,37,0
146.75,-27.75,emu,67,0,0,1,66,0
143.25,-24.75,emu,22,0,0,2,20,0
144.25,-18.75,emu,20,0,0,1,19,0
144.75,-28.25,emu,62,0,0,1,61,0
147.75,-28.25,emu,11,0,0,1,10,0
145.25,-23.25,emu,24,0,0,1,23,0
140.25,-36.75,emu,143,0,0,14,129,0
135.25,-33.75,emu,57,0,0,1,56,0
137.25,-36.25,koala,10,0,0,10,0,0
116.25,-32.25,emu,142,0,0,1,141,0
135.25,-34.75,emu,629,0,0,2,627,0
135.25,-34.25,emu,52,0,0,1,51,0
135.75,-34.25,emu,15,0,0,3,12,0
143.75,-32.75,emu,41,0,0,1,40,0
144.75,-32.25,emu,28,0,0,0,28,0
146.25,-31.25,emu,58,0,0,0,58,0
143.25,-32.25,emu,27,0,0,0,27,0
144.75,-29.75,emu,51,0,0,0,51,0
143.75,-29.25,emu,36,0,0,0,36,0
144.25,-33.75,emu,33,0,0,0,33,0
144.25,-32.25,emu,12,0,0,0,12,0
143.75,-33.75,emu,33,0,0,0,33,0
140.75,-35.25,emu,81,0,0,0,81,0
141.25,-35.75,emu,113,0,0,0,113,0
139.75,-24.75,emu,70,0,0,0,70,0
142.75,-22.25,emu,104,0,0,0,104,0
141.25,-27.75,emu,15,0,0,0,15,0
144.25,-27.25,emu,76,0,0,0,76,0
139.25,-18.75,emu,12,0,0,0,12,0
143.25,-25.75,emu,12,0,0,0,12,0
139.75,-18.75,emu,15,0,0,0,15,0
143.75,-23.75,emu,18,0,0,0,18,0
131.25,-12.75,emu,12,0,0,0,12,0
113.75,-25.75,emu,534,0,0,0,534,0
115.25,-30.25,emu,88,0,0,0,88,0
118.25,-34.25,emu,381,0,0,0,381,0
136.75,-35.25,emu,744,0,0,0,744,0
114.25,-27.75,emu,256,0,0,0,256,0
122.25,-33.75,emu,134,0,0,0,134,0
118.25,-34.75,emu,46,0,0,0,46,0
136.25,-35.25,emu,10,0,0,0,10,0
118.75,-33.25,emu,13,0,0,0,13,0
116.25,-34.25,emu,237,0,0,0,237,0
115.75,-34.25,emu,286,0,0,0,286,0
139.75,-36.25,emu,418,0,0,0,418,0
120.25,-33.75,emu,75,0,0,0,75,0
139.25,-35.75,emu,424,0,0,0,424,0
115.25,-34.25,emu,235,0,0,0,235,0
122.25,-32.25,emu,21,0,0,0,21,0
116.75,-32.25,emu,88,0,0,0,88,0
115.25,-30.75,emu,155,0,0,0,155,0
115.75,-34.75,emu,26,0,0,0,26,0
122.75,-32.25,emu,81,0,0,0,81,0
116.75,-34.75,emu,267,0,0,0,267,0
113.75,-26.25,emu,59,0,0,0,59,0
116.25,-31.25,emu,90,0,0,0,90,0
147.75,-28.75,emu,38,0,0,0,38,0
115.25,-31.25,emu,78,0,0,0,78,0
117.25,-33.75,emu,101,0,0,0,101,0
132.75,-13.25,emu,14,0,0,0,14,0
116.25,-33.25,emu,31,0,0,0,31,0
119.25,-32.75,emu,32,0,0,0,32,0
115.75,-33.75,emu,153,0,0,0,153,0
116.25,-34.75,emu,71,0,0,0,71,0
114.75,-28.75,emu,25,0,0,0,25,0
115.75,-32.75,emu,410,0,0,0,410,0
114.25,-23.75,emu,12,0,0,0,12,0
121.25,-29.75,emu,45,0,0,0,45,0
119.25,-34.25,emu,100,0,0,0,100,0
134.25,-12.25,emu,21,0,0,0,21,0
117.75,-34.75,emu,76,0,0,0,76,0
123.25,-33.75,emu,69,0,0,0,69,0
115.75,-31.25,emu,78,0,0,0,78,0
130.75,-13.25,emu,51,0,0,0,51,0
117.25,-34.75,emu,179,0,0,0,179,0
116.25,-29.25,emu,33,0,0,0,33,0
119.25,-33.25,emu,12,0,0,0,12,0
120.75,-31.25,emu,30,0,0,0,30,0
118.25,-31.25,emu,19,0,0,0,19,0
119.75,-33.75,emu,39,0,0,0,39,0
117.75,-34.25,emu,243,0,0,0,243,0
119.75,-32.25,emu,16,0,0,0,16,0
140.75,-22.75,emu,14,0,0,0,14,0
116.75,-34.25,emu,304,0,0,0,304,0
116.75,-31.75,emu,166,0,0,0,166,0
119.75,-31.25,emu,16,0,0,0,16,0
118.75,-34.25,emu,224,0,0,0,224,0
114.25,-28.25,emu,12,0,0,0,12,0
113.25,-25.75,emu,13,0,0,0,13,0
121.25,-33.75,emu,59,0,0,0,59,0
132.75,-12.75,emu,110,0,0,0,110,0
121.75,-31.25,emu,11,0,0,0,11,0
115.75,-26.25,emu,11,0,0,0,11,0
116.25,-32.75,emu,78,0,0,0,78,0
146.75,-26.25,emu,28,0,0,0,28,0
114.25,-22.75,emu,21,0,0,0,21,0
137.25,-29.25,emu,11,0,0,0,11,0
113.75,-23.25,emu,13,0,0,0,13,0
129.75,-15.25,emu,28,0,0,0,28,0
116.75,-35.25,emu,13,0,0,0,13,0
139.75,-25.25,emu,10,0,0,0,10,0
120.75,-30.25,emu,32,0,0,0,32,0
129.75,-15.75,emu,20,0,0,0,20,0
137.25,-35.25,emu,214,0,0,0,214,0
131.75,-12.75,emu,17,0,0,0,17,0
116.75,-24.25,emu,24,0,0,0,24,0
120.75,-33.75,emu,15,0,0,0,15,0
117.75,-29.25,emu,36,0,0,0,36,0
119.25,-33.75,emu,52,0,0,0,52,0
120.75,-27.25,emu,44,0,0,0,44,0
116.25,-27.25,emu,103,0,0,0,103,0
139.75,-29.25,emu,20,0,0,0,20,0
121.25,-30.25,emu,24,0,0,0,24,0
116.25,-30.75,emu,15,0,0,0,15,0
119.25,-25.25,emu,18,0,0,0,18,0
140.25,-28.75,emu,32,0,0,0,32,0
132.25,-12.75,emu,109,0,0,0,109,0
121.25,-31.25,emu,11,0,0,0,11,0
117.75,-27.75,emu,28,0,0,0,28,0
122.75,-25.75,emu,11,0,0,0,11,0
117.25,-34.25,emu,62,0,0,0,62,0
140.25,-23.25,emu,15,0,0,0,15,0
115.75,-33.25,emu,89,0,0,0,89,0
117.25,-35.25,emu,20,0,0,0,20,0
132.25,-13.25,emu,21,0,0,0,21,0
115.75,-32.25,emu,50,0,0,0,50,0
114.75,-27.25,emu,10,0,0,0,10,0
121.25,-25.25,emu,16,0,0,0,16,0
131.25,-13.25,emu,19,0,0,0,19,0
115.25,-24.75,emu,23,0,0,0,23,0
116.75,-33.25,emu,13,0,0,0,13,0
113.75,-21.75,emu,44,0,0,0,44,0
138.75,-19.25,emu,18,0,0,0,18,0
139.75,-21.75,emu,10,0,0,0,10,0
140.25,-35.25,emu,11,0,0,0,11,0
134.75,-33.25,emu,27,0,0,0,27,0
113.25,-24.25,emu,21,0,0,0,21,0
114.75,-24.75,emu,10,0,0,0,10,0
117.25,-27.25,emu,31,0,0,0,31,0
122.75,-23.75,emu,12,0,0,0,12,0
134.75,-33.75,emu,14,0,0,0,14,0
125.25,-31.25,emu,14,0,0,0,14,0
141.75,-21.75,emu,10,0,0,0,10,0
117.75,-35.25,emu,20,0,0,0,20,0
123.25,-18.75,emu,21,0,0,0,21,0
116.75,-32.75,emu,65,0,0,0,65,0
138.25,-28.75,emu,25,0,0,0,25,0
121.75,-33.75,emu,49,0,0,0,49,0
141.75,-28.75,emu,17,0,0,0,17,0
140.25,-25.75,emu,16,0,0,0,16,0
120.25,-30.75,emu,40,0,0,0,40,0
125.75,-16.75,emu,12,0,0,0,12,0
122.75,-33.75,emu,22,0,0,0,22,0
121.75,-32.25,emu,29,0,0,0,29,0
140.75,-28.75,emu,22,0,0,0,22,0
119.75,-34.25,emu,21,0,0,0,21,0
142.25,-28.25,emu,12,0,0,0,12,0
139.75,-23.75,emu,15,0,0,0,15,0
115.25,-22.75,emu,13,0,0,0,13,0
119.75,-30.25,emu,27,0,0,0,27,0
120.75,-27.75,emu,14,0,0,0,14,0
121.75,-30.75,emu,22,0,0,0,22,0
121.25,-27.75,emu,13,0,0,0,13,0
139.75,-22.25,emu,14,0,0,0,14,0
133.25,-31.75,emu,15,0,0,0,15,0
117.75,-30.25,emu,49,0,0,0,49,0
143.75,-28.25,emu,18,0,0,0,18,0
120.25,-31.25,emu,27,0,0,0,27,0
132.25,-14.25,emu,20,0,0,0,20,0
123.75,-33.75,emu,17,0,0,0,17,0
120.75,-30.75,emu,10,0,0,0,10,0
118.25,-27.75,emu,39,0,0,0,39,0
130.75,-22.75,emu,16,0,0,0,16,0
116.75,-30.75,emu,11,0,0,0,11,0
121.25,-29.25,emu,20,0,0,0,20,0
121.25,-26.25,emu,18,0,0,0,18,0
143.75,-23.25,emu,10,0,0,0,10,0
119.25,-22.75,emu,21,0,0,0,21,0
139.25,-20.25,emu,35,0,0,0,35,0
119.25,-28.25,emu,17,0,0,0,17,0
118.25,-29.25,emu,23,0,0,0,23,0
131.75,-14.75,emu,16,0,0,0,16,0
122.75,-28.25,emu,11,0,0,0,11,0
123.25,-32.25,emu,35,0,0,0,35,0
118.25,-22.75,emu,22,0,0,0,22,0
118.25,-26.75,emu,28,0,0,0,28,0
119.25,-25.75,emu,19,0,0,0,19,0
115.25,-29.25,emu,14,0,0,0,14,0
123.75,-32.25,emu,13,0,0,0,13,0
115.75,-29.25,emu,641,0,0,0,641,0
115.75,-29.75,emu,21,0,0,0,21,0
130.75,-13.75,emu,13,0,0,0,13,0
143.75,-26.25,emu,19,0,0,0,19,0
118.75,-31.25,emu,28,0,0,0,28,0
114.75,-29.25,emu,21,0,0,0,21,0
121.75,-31.75,emu,12,0,0,0,12,0
122.25,-29.25,emu,11,0,0,0,11,0
116.25,-26.75,emu,28,0,0,0,28,0
115.25,-21.75,emu,11,0,0,0,11,0
121.75,-26.25,emu,33,0,0,0,33,0
123.75,-28.25,emu,13,0,0,0,13,0
121.25,-32.75,emu,18,0,0,0,18,0
115.25,-26.75,emu,32,0,0,0,32,0
119.75,-30.75,emu,15,0,0,0,15,0
122.25,-28.75,emu,16,0,0,0,16,0
130.75,-12.75,emu,10,0,0,0,10,0
124.75,-32.25,emu,10,0,0,0,10,0
114.25,-26.75,emu,10,0,0,0,10,0
119.75,-33.25,emu,11,0,0,0,11,0
137.25,-16.75,emu,11,0,0,0,11,0
115.25,-25.25,emu,12,0,0,0,12,0
132.75,-12.25,emu,16,0,0,0,16,0
125.25,-32.25,emu,11,0,0,0,11,0
114.75,-22.75,emu,11,0,0,0,11,0
119.25,-32.25,emu,19,0,0,0,19,0
146.75,-41.75,platypus,403,0,0,0,1,402
121.75,-25.75,emu,11,0,0,0,11,0
121.75,-30.25,emu,11,0,0,0,11,0
118.25,-29.75,emu,24,0,0,0,24,0
117.75,-29.75,emu,31,0,0,0,31,0
114.25,-25.25,emu,10,0,0,0,10,0
122.25,-30.75,emu,12,0,0,0,12,0
119.75,-29.25,emu,15,0,0,0,15,0
119.75,-27.75,emu,20,0,0,0,20,0
120.75,-25.25,emu,20,0,0,0,20,0
120.75,-29.75,emu,12,0,0,0,12,0
134.25,-14.25,emu,12,0,0,0,12,0
144.25,-21.75,emu,19,0,0,0,19,0
121.75,-28.75,emu,13,0,0,0,13,0
146.75,-27.25,emu,14,0,0,0,14,0
118.75,-30.25,emu,10,0,0,0,10,0
118.25,-30.25,emu,23,0,0,0,23,0
119.75,-31.75,emu,13,0,0,0,13,0
117.75,-30.75,emu,10,0,0,0,10,0
116.25,-29.75,emu,443,0,0,0,443,0
121.75,-33.25,emu,14,0,0,0,14,0
134.25,-12.75,emu,12,0,0,0,12,0
136.75,-27.75,emu,14,0,0,0,14,0
137.75,-16.25,emu,11,0,0,0,11,0
137.25,-27.75,emu,16,0,0,0,16,0
137.75,-16.75,emu,16,0,0,0,16,0
126.75,-17.25,emu,11,0,0,0,11,0
144.25,-39.75,platypus,11,0,0,0,2,9
145.25,-40.75,platypus,17,0,0,0,1,16
145.75,-42.25,platypus,15,0,0,0,1,14
143.25,-21.25,emu,10,0,0,0,10,0
146.75,-42.75,platypus,218,0,0,0,0,218
145.75,-41.25,platypus,154,0,0,0,0,154
147.25,-43.25,platypus,119,0,0,0,0,119
146.75,-43.25,platypus,92,0,0,0,0,92
147.75,-41.25,platypus,78,0,0,0,0,78
145.75,-40.75,platypus,47,0,0,0,0,47
145.25,-41.25,platypus,10,0,0,0,0,10
144.25,-40.25,platypus,11,0,0,0,0,11
145.25,-42.25,platypus,20,0,0,0,0,20
146.75,-42.25,platypus,130,0,0,0,0,130
146.25,-42.75,platypus,21,0,0,0,0,21
145.25,-41.75,platypus,17,0,0,0,0,17
